	GKZ	Gebietsname	Wahlberechtigte	Abgegebene	Ungültige	Gültige	SPÖ	ÖVP	FPÖ	GRÜNE	leer	NEOS	PILZ	GILT	KPÖ	FLÖ	SLP	WEIßE
1	40000	Oberösterreich	1103664	902801.0	10726	892075	246201	280595	239444	32792	0	42556	32772	9141	5426	854	183	2111
2	40099	Wahlkarten Oberösterreich	0	0.0	0	0	0	0	0	0	0	0	0	0	0	0	0	0
3	4A000	Linz und Umgebung	247049	193848.0	1716	192132	67233	46210	46052	8686	0	10399	8928	2130	1981	151	55	307
4	49019	Wahlkarten Linz und Umgebung	0	1272.0	7	1265	334	321	179	119	0	153	118	15	14	3	0	9
5	4B000	Innviertel	167093	133837.0	1631	132206	27052	47826	42573	3880	0	5256	3583	1100	500	165	21	250
6	49029	Wahlkarten Innviertel	0	425.0	1	424	85	94	73	37	0	68	46	10	11	0	0	0
7	4C000	Hausruckviertel	272358	223714.0	2713	221001	56535	69393	64579	7752	0	10521	7946	2093	1073	220	33	856
8	49039	Wahlkarten Hausruckviertel	0	866.0	7	859	231	174	133	100	0	106	79	13	19	2	0	2
9	4D000	Traunviertel	197375	162625.0	2039	160586	48205	47753	42052	5409	0	7716	6138	1853	870	147	43	400
10	49049	Wahlkarten Traunviertel	0	717.0	13	704	181	164	103	84	0	73	68	9	19	0	0	3
11	4E000	Mühlviertel	219789	188777.0	2627	186150	47176	69413	44188	7065	0	8664	6177	1965	1002	171	31	298
12	49059	Wahlkarten Mühlviertel	0	750.0	7	743	191	176	100	75	0	75	96	16	11	1	1	1
13	40100	Linz	140037	105235.0	909	104326	38840	22811	23067	5574	0	5637	5438	1195	1506	71	38	149
14	40101	Linz	140037	85255.0	790	84465	31985	17705	20055	3943	0	4235	4228	954	1166	51	25	118
15	40199	Wahlkarten Linz	0	19980.0	119	19861	6855	5106	3012	1631	0	1402	1210	241	340	20	13	31
16	40200	Steyr	27423	21073.0	195	20878	8371	3919	5635	764	0	828	909	247	154	12	5	34
17	40201	Steyr	27423	18213.0	183	18030	7344	3163	5135	591	0	657	757	205	132	11	4	31
18	40299	Wahlkarten Steyr	0	2860.0	12	2848	1027	756	500	173	0	171	152	42	22	1	1	3
19	40300	Wels	39623	29572.0	293	29279	9881	6500	8698	1125	0	1423	1147	242	197	24	6	36
20	40301	Wels	39623	25053.0	259	24794	8523	5249	7654	861	0	1148	937	201	165	21	5	30
21	40399	Wahlkarten Wels	0	4519.0	34	4485	1358	1251	1044	264	0	275	210	41	32	3	1	6
22	40400	Braunau am Inn	75992	59011.0	739	58272	12742	20322	18513	1629	0	2317	1800	506	227	99	2	115
23	40401	Altheim	3753	2589.0	36	2553	661	715	921	54	0	108	73	10	4	1	0	6
24	40402	Aspach	1983	1295.0	19	1276	191	524	448	26	0	37	32	9	6	0	0	3
25	40403	Auerbach	434	332.0	4	328	38	139	123	7	0	9	5	5	2	0	0	0
26	40404	Braunau am Inn	11864	6927.0	75	6852	2184	1506	2229	234	0	287	282	63	41	15	1	10
27	40405	Burgkirchen	2069	1472.0	26	1446	252	613	438	42	0	45	37	11	4	1	0	3
28	40406	Eggelsberg	1804	1191.0	18	1173	171	427	423	56	0	53	25	9	3	3	0	3
29	40407	Feldkirchen bei Mattighofen	1582	1132.0	16	1116	165	429	441	19	0	34	17	5	3	3	0	0
30	40408	Franking	720	486.0	8	478	72	194	163	8	0	20	14	2	1	0	0	4
31	40409	Geretsberg	878	620.0	9	611	81	258	203	12	0	24	19	11	2	0	0	1
32	40410	Gilgenberg am Weilhart	1031	701.0	12	689	70	309	248	7	0	29	20	3	2	1	0	0
33	40411	Haigermoos	476	336.0	2	334	53	155	89	8	0	9	15	5	0	0	0	0
34	40412	Handenberg	1027	747.0	9	738	105	340	227	8	0	14	33	5	3	2	0	1
35	40413	Helpfau-Uttendorf	2381	1539.0	21	1518	282	553	544	25	0	56	29	16	10	1	1	1
36	40414	Hochburg-Ach	2207	1409.0	12	1397	261	648	323	44	0	62	31	15	6	3	0	4
37	40415	Höhnhart	1119	694.0	10	684	110	284	256	3	0	15	12	3	1	0	0	0
38	40416	Jeging	507	368.0	3	365	65	145	124	4	0	12	5	5	4	1	0	0
39	40417	Kirchberg bei Mattighofen	926	646.0	10	636	80	271	214	20	0	33	13	4	1	0	0	0
40	40418	Lengau	3592	2508.0	48	2460	659	725	794	55	0	89	92	28	5	6	0	7
41	40419	Lochen	2195	1577.0	14	1563	237	637	507	34	0	72	43	22	7	2	0	2
42	40420	Maria Schmolln	1184	774.0	18	756	118	347	214	12	0	34	22	4	3	0	0	2
43	40421	Mattighofen	3704	2308.0	34	2274	684	599	725	54	0	98	86	12	8	0	0	8
44	40422	Mauerkirchen	1671	978.0	13	965	255	253	364	20	0	37	20	12	2	2	0	0
45	40423	Mining	965	704.0	8	696	127	296	193	16	0	17	36	10	1	0	0	0
46	40424	Moosbach	769	550.0	5	545	82	169	241	18	0	20	11	2	0	2	0	0
47	40425	Moosdorf	1266	888.0	16	872	254	273	271	12	0	29	20	5	4	3	0	1
48	40426	Munderfing	2275	1550.0	27	1523	329	525	500	32	0	74	37	17	2	3	0	4
49	40427	Neukirchen an der Enknach	1728	1240.0	20	1220	235	457	413	23	0	51	33	3	2	2	0	1
50	40428	Ostermiething	2422	1498.0	21	1477	248	633	432	50	0	44	47	12	7	3	0	1
51	40429	Palting	767	547.0	11	536	75	232	176	10	0	15	18	9	0	1	0	0
52	40430	Perwang am Grabensee	760	572.0	2	570	88	234	188	15	0	23	15	5	0	1	0	1
53	40431	Pfaffstätt	768	542.0	9	533	116	181	167	14	0	30	17	4	4	0	0	0
54	40432	Pischelsdorf am Engelbach	1277	946.0	11	935	117	397	343	20	0	35	15	3	2	2	0	1
55	40433	Polling im Innkreis	777	560.0	4	556	104	185	230	5	0	13	6	9	0	1	0	3
56	40434	Roßbach	774	555.0	8	547	104	196	205	8	0	21	8	2	0	2	0	1
57	40435	St.Georgen am Fillmannsbach	330	253.0	4	249	17	89	127	3	0	7	3	2	1	0	0	0
58	40436	St.Johann am Walde	1656	1117.0	18	1099	287	340	377	18	0	43	16	8	6	1	0	3
59	40437	St.Pantaleon	2285	1495.0	19	1476	350	482	483	25	0	55	50	19	9	2	0	1
60	40438	St.Peter am Hart	1849	1199.0	11	1188	307	417	323	26	0	59	45	7	1	0	0	3
61	40439	St.Radegund	466	330.0	1	329	29	215	49	17	0	9	5	4	1	0	0	0
62	40440	St.Veit im Innkreis	321	242.0	1	241	50	91	87	4	0	5	3	1	0	0	0	0
63	40441	Schalchen	2864	1973.0	20	1953	486	598	662	46	0	63	63	14	8	8	0	5
64	40442	Schwand im Innkreis	759	542.0	3	539	77	228	186	14	0	15	14	4	0	1	0	0
65	40443	Tarsdorf	1634	1090.0	7	1083	147	528	316	28	0	28	23	5	6	0	0	2
66	40444	Treubach	570	387.0	3	384	32	172	154	3	0	11	6	2	3	0	0	1
67	40445	Ueberackern	452	295.0	4	291	54	137	85	2	0	7	3	0	2	1	0	0
68	40446	Weng im Innkreis	1151	790.0	13	777	142	293	286	17	0	20	10	4	0	3	0	2
69	40499	Wahlkarten Braunau am Inn	0	8517.0	76	8441	2091	2883	2001	451	0	446	371	96	50	22	0	30
70	40500	Eferding	25789	21879.0	270	21609	5761	6744	6385	715	0	974	657	215	80	27	3	48
71	40501	Alkoven	4630	3479.0	31	3448	1178	834	1004	86	0	174	110	36	15	3	1	7
72	40502	Aschach an der Donau	1610	1132.0	17	1115	355	291	311	58	0	45	34	10	3	4	1	3
73	40503	Eferding	2898	1945.0	25	1920	586	574	527	80	0	72	52	16	9	2	0	2
74	40504	Fraham	1856	1349.0	11	1338	411	371	416	40	0	43	36	14	4	0	0	3
75	40505	Haibach ob der Donau	1095	823.0	12	811	193	300	230	23	0	37	18	7	1	0	0	2
76	40506	Hartkirchen	3391	2646.0	35	2611	615	872	862	60	0	113	61	14	9	0	0	5
77	40507	Hinzenbach	1599	1164.0	14	1150	300	380	364	20	0	34	38	7	4	2	0	1
78	40508	Prambachkirchen	2288	1721.0	18	1703	320	612	563	56	0	64	50	20	8	3	0	7
79	40509	Pupping	1473	1060.0	14	1046	271	336	335	33	0	26	24	14	4	2	0	1
80	40510	St.Marienkirchen an d. Polsenz	1910	1396.0	21	1375	338	430	435	43	0	63	38	20	6	0	0	2
81	40511	Scharten	1754	1320.0	14	1306	349	361	415	42	0	71	48	10	2	3	0	5
82	40512	Stroheim	1285	978.0	17	961	136	422	306	18	0	44	24	11	0	0	0	0
83	40599	Wahlkarten Eferding	0	2866.0	41	2825	709	961	617	156	0	188	124	36	15	8	1	10
84	40600	Freistadt	53370	45877.0	720	45157	11915	16691	11025	1620	0	1697	1336	473	254	69	8	69
85	40601	Freistadt	6115	4389.0	76	4313	1306	1312	1069	219	0	157	170	32	26	18	0	4
86	40602	Grünbach	1546	1139.0	17	1122	265	418	322	18	0	40	34	10	6	5	0	4
87	40603	Gutau	2221	1638.0	14	1624	493	623	340	56	0	41	37	18	11	2	0	3
88	40604	Hagenberg im Mühlkreis	2229	1584.0	15	1569	456	412	427	73	0	95	65	26	11	1	0	3
89	40605	Hirschbach im Mühlkreis	960	728.0	10	718	174	311	132	34	0	20	22	11	7	1	0	6
90	40606	Kaltenberg	510	418.0	4	414	33	263	99	2	0	10	3	2	2	0	0	0
91	40607	Kefermarkt	1680	1300.0	26	1274	350	475	315	31	0	59	24	10	8	0	1	1
92	40608	Königswiesen	2531	1924.0	28	1896	351	825	596	31	0	52	19	18	3	0	0	1
93	40609	Lasberg	2258	1679.0	36	1643	407	684	360	49	0	56	61	15	7	2	0	2
94	40610	Leopoldschlag	828	616.0	19	597	102	280	160	17	0	16	16	3	3	0	0	0
95	40611	Liebenau	1357	986.0	18	968	192	472	253	7	0	19	15	8	1	1	0	0
96	40612	Neumarkt im Mühlkreis	2610	1901.0	32	1869	496	666	423	93	0	78	61	36	12	0	0	4
97	40613	Pierbach	794	593.0	5	588	93	227	212	22	0	19	7	7	1	0	0	0
98	40614	Pregarten	4240	3184.0	43	3141	994	990	775	89	0	142	88	34	23	4	0	2
99	40615	Rainbach im Mühlkreis	2336	1656.0	41	1615	427	680	325	52	0	74	35	8	12	1	0	1
100	40616	Sandl	1159	894.0	16	878	254	286	226	34	0	29	27	9	9	2	0	2
101	40617	St.Leonhard bei Freistadt	1153	913.0	14	899	207	387	243	19	0	9	17	11	5	0	0	1
102	40618	St.Oswald bei Freistadt	2308	1727.0	26	1701	491	581	513	18	0	43	31	17	3	0	0	4
103	40619	Schönau im Mühlkreis	1561	1213.0	21	1192	232	539	337	21	0	34	15	8	4	0	0	2
104	40620	Tragwein	2472	1922.0	22	1900	588	699	406	48	0	77	43	19	12	6	0	2
105	40621	Unterweißenbach	1807	1345.0	30	1315	211	591	430	23	0	33	16	7	3	0	0	1
106	40622	Unterweitersdorf	1676	1303.0	25	1278	450	383	283	42	0	47	50	15	7	1	0	0
107	40623	Waldburg	1101	825.0	6	819	201	328	186	31	0	39	21	5	3	3	2	0
108	40624	Wartberg ob der Aist	3453	2496.0	37	2459	812	698	619	104	0	99	78	28	15	3	0	3
109	40625	Weitersfelden	833	645.0	8	637	139	303	135	16	0	22	14	6	1	0	0	1
110	40626	Windhaag bei Freistadt	1264	950.0	20	930	200	439	210	23	0	24	27	3	0	2	0	2
111	40627	Bad Zell	2368	1794.0	39	1755	343	711	458	79	0	67	56	26	10	3	0	2
112	40699	Wahlkarten Freistadt	0	6115.0	72	6043	1648	2108	1171	369	0	296	284	81	49	14	5	18
113	40700	Gmunden	78562	64394.0	861	63533	19652	18479	16093	2147	0	3129	2648	728	353	68	27	209
114	40701	Altmünster	7843	5339.0	75	5264	1583	1639	1286	143	0	334	191	51	20	5	1	11
115	40702	Bad Goisern am Hallstättersee	6073	4059.0	84	3975	1484	811	1184	86	0	154	165	42	25	6	0	18
116	40703	Bad Ischl	10793	7143.0	102	7041	2220	1862	1840	263	0	349	324	96	47	11	1	28
117	40704	Ebensee	6326	4464.0	67	4397	1683	974	1175	97	0	132	250	44	30	3	1	8
118	40705	Gmunden	9821	6034.0	45	5989	1671	1883	1376	239	0	384	321	61	28	3	3	20
119	40706	Gosau	1454	990.0	16	974	395	270	234	11	0	22	31	7	3	0	0	1
120	40707	Grünau im Almtal	1631	1193.0	26	1167	318	350	355	32	0	52	38	14	6	1	0	1
121	40708	Gschwandt	2181	1620.0	23	1597	399	551	448	42	0	87	42	11	4	2	1	10
122	40709	Hallstatt	596	456.0	8	448	224	85	73	15	0	17	27	3	2	0	0	2
123	40710	Kirchham	1685	1180.0	15	1165	190	531	344	20	0	43	21	14	2	0	0	0
124	40711	Laakirchen	7128	4872.0	66	4806	1768	1153	1360	100	0	159	163	60	16	2	5	20
125	40712	Obertraun	561	425.0	7	418	192	96	82	6	0	8	25	0	9	0	0	0
126	40713	Ohlsdorf	4088	2933.0	37	2896	840	873	814	106	0	116	82	32	9	7	1	16
127	40714	Pinsdorf	2916	2098.0	35	2063	658	511	636	55	0	95	64	28	5	2	0	9
128	40715	Roitham	1590	1065.0	14	1051	253	344	338	32	0	32	23	12	8	0	3	6
129	40716	St.Konrad	890	642.0	4	638	161	270	153	15	0	19	12	6	1	0	0	1
130	40717	St.Wolfgang im Salzkammergut	2132	1415.0	19	1396	334	557	361	26	0	53	43	9	6	1	0	6
131	40718	Traunkirchen	1334	874.0	11	863	257	295	164	37	0	53	37	8	4	6	0	2
132	40719	Scharnstein	3776	2599.0	56	2543	761	736	669	75	0	156	89	33	15	4	1	4
133	40720	Vorchdorf	5744	4175.0	64	4111	1084	1235	1298	164	0	166	86	45	17	8	1	7
134	40799	Wahlkarten Gmunden	0	10818.0	87	10731	3177	3453	1903	583	0	698	614	152	96	7	9	39
135	40800	Grieskirchen	50411	42202.0	610	41592	8833	15397	12292	1389	0	1744	1227	385	161	38	6	120
136	40801	Aistersheim	690	517.0	5	512	82	184	185	7	0	26	18	5	3	0	0	2
137	40802	Bad Schallerbach	3058	1989.0	19	1970	502	654	542	65	0	95	75	23	10	1	1	2
138	40803	Bruck-Waasen	1951	1392.0	15	1377	201	604	415	35	0	69	26	20	2	1	0	4
139	40804	Eschenau im Hausruckkreis	884	694.0	12	682	71	331	233	13	0	12	16	3	2	0	0	1
140	40805	Gallspach	1848	1266.0	17	1249	297	380	432	42	0	44	33	12	7	0	0	2
141	40806	Gaspoltshofen	2846	1895.0	39	1856	365	582	678	69	0	86	46	13	12	0	1	4
142	40807	Geboltskirchen	1147	814.0	17	797	206	294	218	23	0	24	21	7	3	1	0	0
143	40808	Grieskirchen	3559	2359.0	34	2325	644	712	673	86	0	100	83	14	8	0	1	4
144	40809	Haag am Hausruck	1660	1134.0	14	1120	252	418	325	28	0	52	25	13	2	2	0	3
145	40810	Heiligenberg	562	459.0	5	454	45	230	146	7	0	14	8	2	1	0	0	1
146	40811	Hofkirchen an der Trattnach	1223	908.0	19	889	171	335	279	19	0	40	28	7	4	0	0	6
147	40812	Kallham	2070	1411.0	32	1379	296	525	407	28	0	55	45	16	5	1	0	1
148	40813	Kematen am Innbach	1048	788.0	12	776	148	224	321	14	0	27	30	7	1	0	0	4
149	40814	Meggenhofen	1161	867.0	11	856	164	355	214	40	0	44	24	7	2	0	0	6
150	40815	Michaelnbach	1030	691.0	8	683	92	316	217	11	0	18	20	4	2	0	0	3
151	40816	Natternbach	1902	1430.0	23	1407	290	521	479	36	0	38	31	7	4	0	0	1
152	40817	Neukirchen am Walde	1334	1003.0	15	988	162	426	305	31	0	26	26	8	1	0	0	3
153	40818	Neumarkt im Hausruckkreis	1116	700.0	5	695	175	214	222	15	0	39	17	8	1	2	0	2
154	40819	Peuerbach	1641	1195.0	17	1178	252	430	346	50	0	41	35	16	4	2	0	2
155	40820	Pötting	443	342.0	6	336	51	200	59	7	0	10	6	1	0	0	0	2
156	40821	Pollham	797	568.0	6	562	97	252	139	24	0	15	28	3	3	0	0	1
157	40822	Pram	1425	951.0	16	935	199	317	307	28	0	46	26	4	2	0	0	6
158	40823	Rottenbach	837	637.0	5	632	100	197	270	16	0	24	12	8	4	1	0	0
159	40824	St.Agatha	1740	1297.0	16	1281	190	629	374	25	0	38	18	2	2	2	0	1
160	40825	St.Georgen bei Grieskirchen	1054	714.0	11	703	165	242	191	21	0	40	36	3	3	1	0	1
161	40826	St.Thomas	422	338.0	5	333	52	128	109	14	0	11	12	5	2	0	0	0
162	40827	Schlüßlberg	2388	1680.0	23	1657	574	438	467	52	0	55	48	15	4	2	0	2
163	40828	Steegen	898	599.0	7	592	86	274	174	19	0	16	13	7	1	0	0	2
164	40829	Taufkirchen an der Trattnach	1634	1177.0	17	1160	196	417	430	23	0	39	36	8	5	1	0	5
165	40830	Tollet	761	549.0	7	542	138	212	118	23	0	29	14	4	2	1	0	1
166	40831	Waizenkirchen	2922	2098.0	32	2066	348	879	581	69	0	81	63	20	7	1	0	17
167	40832	Wallern an der Trattnach	2392	1710.0	19	1691	450	481	539	59	0	90	51	16	3	1	0	1
168	40833	Weibern	1301	929.0	20	909	169	387	218	40	0	48	23	15	3	2	0	4
169	40834	Wendling	667	475.0	6	469	61	214	155	11	0	15	6	2	3	0	0	2
170	40899	Wahlkarten Grieskirchen	0	6626.0	95	6531	1542	2395	1524	339	0	337	228	80	43	16	3	24
171	40900	Kirchdorf an der Krems	43323	35612.0	494	35118	8642	11661	9915	1187	0	1898	1129	412	162	28	6	78
172	40901	Edlbach	511	351.0	3	348	72	147	85	5	0	22	14	2	0	0	0	1
173	40902	Grünburg	2892	1917.0	31	1886	479	579	629	39	0	66	58	24	8	0	0	4
174	40903	Hinterstoder	736	483.0	2	481	91	203	133	9	0	24	13	3	4	1	0	0
175	40904	Inzersdorf im Kremstal	1496	1092.0	19	1073	227	380	321	34	0	34	54	17	3	1	0	2
176	40905	Kirchdorf an der Krems	3282	2078.0	23	2055	720	501	511	120	0	102	60	23	13	0	1	4
177	40906	Klaus an der Pyhrnbahn	824	590.0	12	578	254	144	142	9	0	12	6	7	3	1	0	0
178	40907	Kremsmünster	4687	3245.0	41	3204	663	1190	867	102	0	229	105	30	12	1	0	5
179	40908	Micheldorf in Oberösterreich	4475	3187.0	43	3144	940	841	883	120	0	178	130	31	12	2	0	7
180	40909	Molln	2793	1922.0	25	1897	568	526	593	44	0	89	45	16	10	0	2	4
181	40910	Nußbach	1826	1356.0	27	1329	238	575	314	45	0	93	34	13	8	0	0	9
182	40911	Oberschlierbach	364	278.0	3	275	59	121	61	11	0	13	6	3	0	0	0	1
183	40912	Pettenbach	3955	2868.0	49	2819	555	926	972	96	0	139	83	26	11	3	1	7
184	40913	Ried im Traunkreis	2134	1535.0	24	1511	235	601	484	44	0	92	29	17	4	0	1	4
185	40914	Rosenau am Hengstpaß	501	373.0	4	369	140	97	104	0	0	9	7	10	2	0	0	0
186	40915	Roßleithen	1467	976.0	9	967	249	331	268	24	0	52	19	16	4	4	0	0
187	40916	St.Pankraz	273	174.0	4	170	36	39	85	1	0	5	4	0	0	0	0	0
188	40917	Schlierbach	2186	1514.0	31	1483	340	474	423	63	0	110	51	11	9	0	0	2
189	40918	Spital am Pyhrn	1744	1164.0	18	1146	303	337	421	14	0	28	25	15	1	2	0	0
190	40919	Steinbach am Ziehberg	684	511.0	9	502	99	195	142	13	0	33	14	3	3	0	0	0
191	40920	Steinbach an der Steyr	1645	1241.0	13	1228	250	503	342	27	0	46	38	10	3	2	0	7
192	40921	Vorderstoder	662	411.0	10	401	54	169	142	6	0	13	9	4	1	0	0	3
193	40922	Wartberg an der Krems	2293	1635.0	25	1610	305	679	431	49	0	72	38	23	7	0	0	6
194	40923	Windischgarsten	1893	1221.0	14	1207	362	372	313	25	0	78	40	8	7	1	0	1
195	40999	Wahlkarten Kirchdorf a.d.Krems	0	5490.0	55	5435	1403	1731	1249	287	0	359	247	100	37	10	1	11
196	41000	Linz-Land	107012	87341.0	800	86541	28059	23078	22806	2993	0	4609	3372	920	461	77	17	149
197	41001	Allhaming	931	702.0	4	698	155	277	171	18	0	43	22	11	0	0	0	1
198	41002	Ansfelden	10646	7154.0	72	7082	2474	1412	2492	148	0	216	233	56	40	5	0	6
199	41003	Asten	4686	3360.0	42	3318	1200	675	1091	65	0	131	94	40	16	1	0	5
200	41004	Eggendorf im Traunkreis	713	507.0	7	500	101	187	150	10	0	32	15	1	3	0	1	0
201	41005	Enns	8018	5424.0	43	5381	1837	1330	1432	169	0	264	237	67	34	6	0	5
202	41006	Hargelsberg	1078	827.0	10	817	221	292	177	22	0	57	37	7	4	0	0	0
203	41007	Hörsching	4545	3265.0	27	3238	921	854	1061	95	0	150	93	40	8	8	0	8
204	41008	Hofkirchen im Traunkreis	1412	1038.0	10	1028	307	293	280	38	0	65	30	7	7	0	0	1
205	41009	Kematen an der Krems	2050	1454.0	11	1443	367	482	426	34	0	81	34	10	6	0	0	3
206	41010	Kirchberg-Thening	1923	1451.0	16	1435	483	355	356	69	0	90	60	16	6	0	0	0
207	41011	Kronstorf	2609	1958.0	20	1938	636	521	551	38	0	101	62	21	4	2	0	2
208	41012	Leonding	20788	14067.0	123	13944	4627	3553	3407	566	0	915	618	141	79	8	2	28
209	41013	St.Florian	5042	3571.0	27	3544	952	1261	779	126	0	216	157	33	13	4	1	2
210	41014	Neuhofen an der Krems	4760	3105.0	32	3073	936	825	788	140	0	173	149	29	17	4	1	11
211	41015	Niederneukirchen	1657	1178.0	5	1173	269	481	278	47	0	56	28	12	1	0	0	1
212	41016	Oftering	1618	1245.0	8	1237	390	366	337	24	0	48	44	16	11	0	1	0
213	41017	Pasching	5476	3970.0	39	3931	1336	965	1109	122	0	209	131	37	13	2	1	6
214	41018	Piberbach	1480	1054.0	11	1043	282	333	287	36	0	37	42	14	6	4	0	2
215	41019	Pucking	3137	2310.0	33	2277	589	602	818	55	0	129	55	14	4	1	0	10
216	41020	St.Marien	3755	2664.0	32	2632	735	878	639	68	0	171	86	39	10	2	2	2
217	41021	Traun	16066	10859.0	108	10751	4108	2281	3121	278	0	374	370	114	77	11	2	15
218	41022	Wilhering	4622	3367.0	34	3333	1003	1076	648	153	0	250	146	32	14	2	0	9
219	41099	Wahlkarten Linz-Land	0	12811.0	86	12725	4130	3779	2408	672	0	801	629	163	88	17	6	32
220	41100	Perg	52523	44740.0	607	44133	12722	15123	11222	1285	0	1744	1314	422	187	33	8	73
221	41101	Allerheiligen im Mühlkreis	984	780.0	10	770	196	305	202	14	0	23	22	5	1	1	0	1
222	41102	Arbing	1141	855.0	8	847	219	303	215	24	0	37	33	12	2	2	0	0
223	41103	Baumgartenberg	1342	956.0	11	945	157	351	352	18	0	37	25	1	2	1	0	1
224	41104	Dimbach	816	603.0	5	598	133	255	168	5	0	12	12	7	2	2	0	2
225	41105	Grein	2368	1548.0	22	1526	396	538	437	33	0	59	49	12	1	0	1	0
226	41106	Katsdorf	2443	1832.0	20	1812	563	564	412	74	0	106	57	20	15	0	0	1
227	41107	Klam	737	483.0	9	474	80	172	166	9	0	10	22	11	2	1	0	1
228	41108	Bad Kreuzen	1776	1262.0	30	1232	124	660	326	40	0	26	27	17	5	0	0	7
229	41109	Langenstein	1971	1509.0	19	1490	618	339	399	33	0	46	38	8	7	1	0	1
230	41110	Luftenberg an der Donau	3237	2351.0	25	2326	848	540	661	66	0	81	75	31	17	1	0	6
231	41111	Mauthausen	3642	2549.0	41	2508	997	604	587	74	0	145	67	19	10	0	1	4
232	41112	Mitterkirchen im Machland	1355	960.0	12	948	211	394	262	18	0	30	23	8	2	0	0	0
233	41113	Münzbach	1303	965.0	18	947	121	457	297	10	0	32	16	7	3	3	0	1
234	41114	Naarn im Machlande	2790	2169.0	34	2135	564	801	602	20	0	85	36	18	4	2	0	3
235	41115	Pabneukirchen	1329	966.0	13	953	165	426	283	17	0	34	15	8	2	1	1	1
236	41116	Perg	6196	4375.0	54	4321	1274	1387	1141	132	0	204	122	32	21	4	0	4
237	41117	Rechberg	756	592.0	4	588	82	347	92	13	0	14	30	5	1	0	0	4
238	41118	Ried in der Riedmark	3340	2495.0	27	2468	851	822	536	83	0	106	47	13	7	2	0	1
239	41119	St.Georgen am Walde	1673	1245.0	24	1221	320	465	345	13	0	27	34	9	5	2	0	1
240	41120	St.Georgen an der Gusen	3183	2400.0	33	2367	926	589	517	107	0	89	92	25	17	2	0	3
241	41121	St.Nikola an der Donau	559	404.0	4	400	84	184	92	9	0	12	11	5	2	0	0	1
242	41122	St.Thomas am Blasenstein	747	551.0	13	538	73	320	103	9	0	11	6	9	1	0	2	4
243	41123	Saxen	1420	1073.0	20	1053	247	340	347	22	0	45	28	20	2	0	0	2
244	41124	Schwertberg	3990	2918.0	47	2871	1057	777	695	88	0	105	103	26	7	2	1	10
245	41125	Waldhausen im Strudengau	2298	1676.0	21	1655	458	615	454	23	0	44	43	13	3	0	0	2
246	41126	Windhaag bei Perg	1127	811.0	11	800	125	373	218	22	0	27	23	4	2	2	1	3
247	41199	Wahlkarten Perg	0	6412.0	72	6340	1833	2195	1313	309	0	297	258	77	44	4	1	9
248	41200	Ried im Innkreis	46489	37535.0	482	37053	7396	13392	11872	1243	0	1631	940	318	138	38	7	78
249	41201	Andrichsfurt	603	421.0	10	411	43	192	137	9	0	17	10	1	2	0	0	0
250	41202	Antiesenhofen	815	470.0	5	465	99	157	176	10	0	13	7	2	0	0	0	1
251	41203	Aurolzmünster	2291	1479.0	17	1462	324	425	582	25	0	53	23	16	7	2	1	4
252	41204	Eberschwang	2693	1804.0	22	1782	473	471	658	53	0	58	42	12	7	3	0	5
253	41205	Eitzing	633	447.0	7	440	89	167	144	11	0	18	5	2	3	0	0	1
254	41206	Geiersberg	434	281.0	7	274	47	117	86	10	0	7	2	0	4	0	0	1
255	41207	Geinberg	1083	642.0	10	632	95	238	242	15	0	18	14	6	1	0	0	3
256	41208	Gurten	942	586.0	4	582	114	225	198	11	0	11	14	7	2	0	0	0
257	41209	Hohenzell	1743	1224.0	19	1205	181	509	341	40	0	86	36	4	1	3	1	3
258	41210	Kirchdorf am Inn	489	363.0	5	358	53	172	116	6	0	8	2	0	1	0	0	0
259	41211	Kirchheim im Innkreis	578	430.0	8	422	55	175	158	5	0	12	11	2	0	1	0	3
260	41212	Lambrechten	1063	796.0	11	785	85	341	293	17	0	22	15	6	0	2	0	4
261	41213	Lohnsburg am Kobernaußerwald	1816	1201.0	11	1190	180	472	430	25	0	38	24	12	3	0	0	6
262	41214	Mehrnbach	1865	1161.0	18	1143	186	408	439	31	0	46	23	6	2	2	0	0
263	41215	Mettmach	1934	1360.0	18	1342	226	416	578	15	0	38	35	24	3	4	0	3
264	41216	Mörschwang	267	196.0	2	194	20	102	36	16	0	13	6	0	1	0	0	0
265	41217	Mühlheim am Inn	526	400.0	4	396	99	135	132	8	0	10	4	4	3	0	0	1
266	41218	Neuhofen im Innkreis	1914	1309.0	18	1291	293	448	384	51	0	74	27	5	6	1	0	2
267	41219	Obernberg am Inn	1131	644.0	5	639	147	159	275	21	0	17	14	5	0	0	0	1
268	41220	Ort im Innkreis	948	647.0	6	641	93	227	260	15	0	21	16	6	0	1	0	2
269	41221	Pattigham	718	511.0	5	506	80	215	157	12	0	19	17	6	0	0	0	0
270	41222	Peterskirchen	569	423.0	8	415	46	211	114	10	0	15	12	3	4	0	0	0
271	41223	Pramet	835	590.0	6	584	110	221	203	8	0	14	13	9	4	0	0	2
272	41224	Reichersberg	1139	781.0	11	770	132	295	284	17	0	22	16	4	0	0	0	0
273	41225	Ried im Innkreis	8352	5100.0	64	5036	1361	1420	1493	223	0	294	173	43	24	3	0	2
274	41226	St.Georgen b. Obernberg am Inn	454	333.0	2	331	45	186	71	5	0	13	10	1	0	0	0	0
275	41227	St.Marienkirchen am Hausruck	688	544.0	7	537	70	224	177	7	0	31	18	5	2	2	1	0
276	41228	St.Martin im Innkreis	1356	867.0	10	857	181	295	285	26	0	38	20	7	2	3	0	0
277	41229	Schildorn	954	631.0	5	626	136	239	181	16	0	28	12	8	5	0	0	1
278	41230	Senftenbach	589	413.0	8	405	83	151	126	6	0	24	8	4	1	0	0	2
279	41231	Taiskirchen im Innkreis	1946	1463.0	21	1442	249	595	435	59	0	56	24	12	6	2	1	3
280	41232	Tumeltsham	1243	838.0	11	827	128	335	260	30	0	48	18	6	1	1	0	0
281	41233	Utzenaich	1197	847.0	11	836	151	348	255	27	0	31	13	6	5	0	0	0
282	41234	Waldzell	1752	1237.0	26	1211	249	447	438	17	0	32	18	4	2	2	0	2
283	41235	Weilbach	472	330.0	3	327	44	159	99	10	0	8	4	1	1	1	0	0
284	41236	Wippenham	457	340.0	6	334	93	104	98	15	0	14	9	0	0	0	0	1
285	41299	Wahlkarten Ried im Innkreis	0	6426.0	71	6355	1336	2391	1531	361	0	364	225	79	35	5	3	25
286	41300	Rohrbach	46100	38744.0	555	38189	7326	16575	9695	1251	0	1689	981	403	176	27	5	61
287	41301	Afiesl	317	248.0	4	244	42	90	85	3	0	10	7	6	0	0	0	1
288	41302	Ahorn	421	323.0	1	322	58	136	87	5	0	22	6	6	1	0	0	1
289	41304	Altenfelden	1815	1334.0	11	1323	261	471	410	39	0	73	36	26	4	1	0	2
290	41305	Arnreit	900	723.0	10	713	98	369	173	15	0	32	14	5	4	0	0	3
291	41306	Atzesberg	369	296.0	2	294	37	147	93	4	0	5	5	2	0	0	0	1
292	41307	Auberg	436	348.0	7	341	42	178	83	13	0	18	4	2	0	1	0	0
293	41309	Haslach an der Mühl	2061	1470.0	34	1436	429	510	318	63	0	58	33	13	9	1	0	2
294	41310	Helfenberg	780	582.0	9	573	142	203	156	17	0	24	17	9	4	0	0	1
295	41311	Hörbich	336	280.0	9	271	21	137	87	2	0	9	6	6	1	0	0	2
296	41312	Hofkirchen im Mühlkreis	1203	840.0	8	832	148	351	222	35	0	39	27	4	6	0	0	0
297	41313	Julbach	1271	901.0	12	889	265	338	217	7	0	36	16	9	0	1	0	0
298	41314	Kirchberg ob der Donau	870	641.0	10	631	142	258	173	11	0	28	9	4	5	0	0	1
299	41315	Klaffer am Hochficht	1077	770.0	3	767	159	295	273	14	0	12	12	1	1	0	0	0
300	41316	Kleinzell im Mühlkreis	1285	890.0	10	880	231	362	191	32	0	34	20	5	4	1	0	0
301	41317	Kollerschlag	1201	886.0	11	875	123	422	287	9	0	19	8	5	0	1	0	1
302	41318	Lembach im Mühlkreis	1260	879.0	17	862	161	360	256	20	0	28	22	13	1	1	0	0
303	41319	Lichtenau im Mühlkreis	417	279.0	6	273	38	143	77	6	0	5	3	0	1	0	0	0
304	41320	Nebelberg	498	398.0	6	392	99	194	72	7	0	8	9	1	2	0	0	0
305	41321	Neufelden	953	660.0	6	654	137	273	145	32	0	30	23	3	8	1	0	2
306	41322	Niederkappel	794	602.0	10	592	67	306	169	11	0	23	7	7	1	0	0	1
307	41323	Niederwaldkirchen	1468	1036.0	12	1024	169	477	233	29	0	61	36	12	5	1	0	1
308	41324	Oberkappel	520	357.0	10	347	34	196	86	5	0	10	10	4	0	0	0	2
309	41325	Oepping	1287	949.0	11	938	134	437	260	28	0	39	30	6	2	0	1	1
310	41326	Peilstein im Mühlviertel	1276	969.0	13	956	169	476	236	15	0	30	19	8	0	2	0	1
311	41327	Pfarrkirchen im Mühlkreis	1175	880.0	13	867	99	456	241	25	0	23	16	4	1	1	0	1
312	41328	Putzleinsdorf	1243	926.0	16	910	109	464	234	20	0	44	22	10	5	0	0	2
313	41329	Neustift im Mühlkreis	1151	803.0	14	789	153	434	126	23	0	31	12	5	2	1	0	2
314	41331	St.Johann am Wimberg	825	585.0	5	580	100	248	187	10	0	17	7	9	1	0	0	1
315	41332	St.Martin im Mühlkreis	2995	2195.0	33	2162	448	902	557	61	0	106	61	20	5	0	1	1
316	41333	St.Oswald bei Haslach	412	307.0	7	300	72	125	66	7	0	18	7	5	0	0	0	0
317	41334	St.Peter am Wimberg	1446	1086.0	18	1068	185	556	221	26	0	49	20	5	5	1	0	0
318	41335	St.Stefan am Walde	667	542.0	11	531	101	252	115	21	0	16	20	2	2	1	0	1
319	41336	St.Ulrich im Mühlkreis	497	387.0	6	381	56	171	86	22	0	26	12	4	4	0	0	0
320	41337	St.Veit im Mühlkreis	975	747.0	11	736	130	329	199	22	0	29	13	9	2	0	1	2
321	41338	Sarleinsbach	1845	1390.0	22	1368	191	690	331	58	0	54	21	14	4	0	0	5
322	41340	Schönegg	462	345.0	5	340	99	106	95	11	0	17	2	7	2	0	0	1
323	41341	Schwarzenberg am Böhmerwald	457	344.0	4	340	56	148	115	6	0	8	5	1	1	0	0	0
324	41342	Ulrichsberg	2362	1666.0	21	1645	333	666	476	47	0	65	36	13	7	1	0	1
325	41343	Aigen-Schlägl	2598	1705.0	19	1686	340	686	462	57	0	73	43	13	9	1	0	2
326	41344	Rohrbach-Berg	4175	2835.0	61	2774	507	1143	717	127	0	133	91	33	14	4	0	5
327	41399	Wahlkarten Rohrbach	0	5340.0	57	5283	1141	2070	1078	286	0	327	214	92	53	6	2	14
328	41400	Schärding	44612	36866.0	409	36457	6829	14018	12115	971	0	1240	797	266	124	28	12	57
329	41401	Altschwendt	530	428.0	1	427	99	173	115	14	0	13	4	5	2	0	0	2
330	41402	Andorf	4074	3059.0	41	3018	666	992	1131	64	0	75	54	24	5	3	0	4
331	41403	Brunnenthal	1559	1078.0	14	1064	192	364	388	40	0	41	22	10	6	1	0	0
332	41404	Diersbach	1294	930.0	6	924	169	357	304	30	0	25	25	6	7	1	0	0
333	41405	Dorf an der Pram	842	612.0	4	608	99	316	145	7	0	25	10	0	0	1	4	1
334	41406	Eggerding	1058	800.0	7	793	104	338	282	10	0	27	20	5	4	0	0	3
335	41407	Engelhartszell	766	449.0	2	447	84	164	150	14	0	13	14	6	2	0	0	0
336	41408	Enzenkirchen	1450	1035.0	14	1021	181	327	433	8	0	33	29	6	1	1	0	2
337	41409	Esternberg	2359	1674.0	24	1650	217	670	623	35	0	48	40	10	0	2	1	4
338	41410	Freinberg	1010	603.0	6	597	103	292	165	13	0	9	8	2	1	0	1	3
339	41411	Kopfing im Innkreis	1625	1179.0	15	1164	152	466	463	23	0	23	21	7	5	2	0	2
340	41412	Mayrhof	244	197.0	2	195	21	103	64	1	0	4	0	1	0	0	0	1
341	41413	Münzkirchen	2126	1499.0	17	1482	224	593	537	33	0	40	33	12	3	1	1	5
342	41414	Raab	1796	1267.0	17	1250	185	448	495	46	0	43	17	5	8	1	0	2
343	41415	Rainbach im Innkreis	1175	895.0	14	881	143	354	306	20	0	30	18	5	3	0	0	2
344	41416	Riedau	1602	1008.0	15	993	285	274	319	31	0	43	32	8	1	0	0	0
345	41417	St.Aegidi	1288	987.0	13	974	119	442	352	21	0	19	7	8	3	2	0	1
346	41418	St.Florian am Inn	2331	1593.0	7	1586	390	520	540	28	0	50	38	8	8	3	0	1
347	41419	St.Marienkirchen bei Schärding	1431	943.0	5	938	130	381	356	12	0	24	22	6	4	0	0	3
348	41420	St.Roman	1455	1102.0	18	1084	90	469	444	11	0	43	18	5	3	0	0	1
349	41421	St.Willibald	942	732.0	11	721	109	242	303	22	0	20	15	6	3	1	0	0
350	41422	Schärding	3778	2173.0	20	2153	613	603	688	68	0	75	73	25	4	0	0	4
351	41423	Schardenberg	1722	1247.0	11	1236	142	610	382	26	0	53	14	6	3	0	0	0
352	41424	Sigharting	668	504.0	6	498	49	222	195	5	0	19	3	4	1	0	0	0
353	41425	Suben	938	617.0	6	611	131	238	182	16	0	21	18	4	0	0	1	0
354	41426	Taufkirchen an der Pram	2317	1613.0	15	1598	354	548	578	31	0	57	21	4	4	0	0	1
355	41427	Vichtenstein	457	322.0	3	319	35	142	117	6	0	11	4	3	1	0	0	0
356	41428	Waldkirchen am Wesen	995	746.0	15	731	150	339	195	9	0	17	15	5	1	0	0	0
357	41429	Wernstein am Inn	1219	845.0	10	835	183	337	249	13	0	31	13	3	0	4	0	2
358	41430	Zell an der Pram	1561	1116.0	20	1096	180	496	281	46	0	38	32	14	5	1	0	3
359	41499	Wahlkarten Schärding	0	5613.0	50	5563	1230	2198	1333	268	0	270	157	53	36	4	4	10
360	41500	Steyr-Land	48067	40829.0	476	40353	11359	13530	10306	1227	0	1788	1384	457	182	39	5	76
361	41501	Adlwang	1432	990.0	20	970	161	429	273	23	0	41	28	11	2	0	0	2
362	41502	Aschach an der Steyr	1868	1345.0	23	1322	356	480	275	50	0	93	50	8	7	1	0	2
363	41503	Bad Hall	3981	2537.0	45	2492	636	818	687	85	0	121	105	24	10	2	0	4
364	41504	Dietach	2469	1849.0	25	1824	545	605	415	89	0	83	62	18	6	0	0	1
365	41505	Gaflenz	1517	1141.0	10	1131	226	488	311	19	0	51	16	17	3	0	0	0
366	41506	Garsten	5287	3708.0	42	3666	1011	1133	993	161	0	154	137	47	18	3	1	8
367	41507	Großraming	2187	1649.0	20	1629	504	592	372	47	0	51	39	13	4	3	0	4
368	41508	Laussa	1023	817.0	13	804	194	305	235	13	0	18	27	10	1	1	0	0
369	41509	Losenstein	1294	897.0	6	891	294	279	230	31	0	25	17	8	2	1	0	4
370	41510	Maria Neustift	1282	1001.0	14	987	139	466	302	10	0	26	21	14	3	3	0	3
371	41511	Pfarrkirchen bei Bad Hall	1796	1288.0	9	1279	346	422	364	28	0	58	35	15	8	0	0	3
372	41512	Reichraming	1471	1096.0	13	1083	514	214	276	19	0	23	19	9	3	3	0	3
373	41513	Rohr im Kremstal	1067	741.0	3	738	174	273	212	13	0	30	28	6	0	0	0	2
374	41514	St.Ulrich bei Steyr	2461	1760.0	20	1740	414	652	438	58	0	75	69	25	4	2	0	3
375	41515	Schiedlberg	996	708.0	6	702	104	398	144	9	0	25	19	2	1	0	0	0
376	41516	Sierning	7358	5318.0	67	5251	1790	1347	1540	99	0	203	176	58	28	5	1	4
377	41517	Ternberg	2782	1998.0	24	1974	553	651	510	51	0	100	76	17	8	3	0	5
378	41518	Waldneukirchen	1779	1317.0	11	1306	274	500	358	34	0	69	41	17	8	1	0	4
379	41521	Wolfern	2587	1814.0	16	1798	469	684	463	34	0	65	57	17	7	0	0	2
380	41522	Weyer	3430	2398.0	26	2372	777	664	658	65	0	79	83	27	13	3	0	3
381	41599	Wahlkarten Steyr-Land	0	6457.0	63	6394	1878	2130	1250	289	0	398	279	94	46	8	3	19
382	41600	Urfahr-Umgebung	67796	58666.0	738	57928	15022	20848	12146	2834	0	3459	2450	651	374	41	9	94
383	41601	Alberndorf in der Riedmark	3190	2395.0	45	2350	514	868	672	71	0	102	74	34	10	0	0	5
384	41602	Altenberg bei Linz	3601	2706.0	36	2670	534	1243	503	118	0	157	84	18	9	2	0	2
385	41603	Bad Leonfelden	3295	2424.0	44	2380	446	1044	592	61	0	123	77	24	7	5	0	1
386	41604	Eidenberg	1682	1254.0	23	1231	241	586	231	40	0	65	41	16	7	0	0	4
387	41605	Engerwitzdorf	7034	5153.0	64	5089	1429	1588	1207	224	0	297	243	60	26	8	0	7
388	41606	Feldkirchen an der Donau	4398	3213.0	49	3164	925	999	821	108	0	149	120	19	16	1	0	6
389	41607	Gallneukirchen	5196	3553.0	34	3519	1249	951	645	202	0	241	157	44	22	0	2	6
390	41608	Goldwörth	697	492.0	4	488	105	190	121	24	0	28	13	5	1	1	0	0
391	41609	Gramastetten	4148	2911.0	35	2876	647	1127	561	135	0	224	123	29	18	5	1	6
392	41610	Haibach im Mühlkreis	742	545.0	10	535	118	208	129	15	0	27	26	8	1	1	0	2
393	41611	Hellmonsödt	1820	1252.0	12	1240	317	431	294	49	0	94	38	10	6	0	0	1
394	41612	Herzogsdorf	2075	1456.0	22	1434	257	629	377	43	0	57	51	12	7	0	0	1
395	41613	Kirchschlag bei Linz	1705	1177.0	14	1163	262	443	259	54	0	75	47	13	9	1	0	0
396	41614	Lichtenberg	2154	1561.0	12	1549	384	600	262	82	0	122	77	14	7	1	0	0
397	41615	Oberneukirchen	2592	1876.0	32	1844	351	752	457	93	0	104	43	26	13	2	0	3
398	41616	Ottenschlag im Mühlkreis	425	334.0	4	330	75	138	92	9	0	5	5	4	2	0	0	0
399	41617	Ottensheim	3676	2590.0	22	2568	750	798	388	252	0	170	139	38	27	2	0	4
400	41618	Puchenau	3669	2452.0	19	2433	728	755	420	132	0	199	160	16	19	0	1	3
401	41619	Reichenau im Mühlkreis	1048	778.0	15	763	168	289	199	24	0	27	39	10	6	0	0	1
402	41620	Reichenthal	1187	895.0	12	883	201	388	200	20	0	39	14	11	6	1	0	3
403	41621	St.Gotthard im Mühlkreis	1076	772.0	9	763	199	273	174	33	0	41	34	6	3	0	0	0
404	41622	Schenkenfelden	1287	929.0	22	907	170	475	180	12	0	45	17	4	3	1	0	0
405	41623	Sonnberg im Mühlkreis	773	595.0	8	587	147	207	142	22	0	33	24	9	1	0	0	2
406	41624	Steyregg	3893	2809.0	13	2796	975	761	692	89	0	142	95	26	10	1	1	4
407	41625	Vorderweißenbach	1693	1254.0	27	1227	186	622	301	35	0	40	20	13	8	1	0	1
408	41626	Walding	3370	2375.0	32	2343	737	789	442	119	0	120	84	32	17	0	0	3
409	41627	Zwettl an der Rodl	1370	1051.0	13	1038	237	408	201	73	0	56	45	9	6	2	0	1
410	41699	Wahlkarten Urfahr-Umgebung	0	9864.0	106	9758	2670	3286	1584	695	0	677	560	141	107	6	4	28
411	41700	Vöcklabruck	102530	84196.0	1060	83136	20812	26941	23236	3070	0	3858	3363	788	425	84	12	547
412	41701	Ampflwang im Hausruckwald	2617	1881.0	24	1857	742	377	562	29	0	63	50	24	1	1	0	8
413	41702	Attersee	1291	846.0	9	837	218	307	174	28	0	65	30	2	9	0	0	4
414	41703	Attnang-Puchheim	5803	3533.0	35	3498	1348	704	1027	118	0	108	126	28	23	2	1	13
415	41704	Atzbach	939	733.0	16	717	72	315	242	22	0	34	22	4	2	0	0	4
416	41705	Aurach am Hongar	1363	999.0	11	988	228	261	371	14	0	22	30	13	6	2	0	41
417	41706	Berg im Attergau	806	588.0	7	581	69	301	153	15	0	21	15	3	2	0	0	2
418	41707	Desselbrunn	1442	1057.0	19	1038	284	346	312	18	0	39	28	6	3	2	0	0
419	41708	Fornach	762	591.0	17	574	65	295	161	8	0	17	10	9	0	1	0	8
420	41709	Frankenburg am Hausruck	3905	2952.0	59	2893	794	846	952	62	0	103	79	29	3	7	1	17
421	41710	Frankenmarkt	2725	1983.0	38	1945	416	699	591	55	0	86	67	13	7	3	0	8
422	41711	Gampern	2297	1750.0	37	1713	324	621	481	68	0	72	103	15	8	0	0	21
423	41712	Innerschwand	917	613.0	4	609	56	311	137	35	0	31	29	2	6	0	0	2
424	41713	Lenzing	3885	2652.0	42	2610	978	413	918	61	0	78	110	25	10	1	0	16
425	41714	Manning	655	485.0	7	478	116	164	117	18	0	20	27	7	5	0	0	4
426	41715	Mondsee	2556	1462.0	8	1454	285	542	360	66	0	98	70	18	9	3	1	2
427	41716	Neukirchen an der Vöckla	2068	1533.0	24	1509	309	558	454	43	0	60	58	14	10	0	0	3
428	41717	Niederthalheim	864	682.0	6	676	87	251	233	29	0	32	21	14	4	0	0	5
429	41718	Nußdorf am Attersee	908	605.0	9	596	80	270	168	10	0	33	23	5	2	1	0	4
430	41719	Oberhofen am Irrsee	1228	879.0	15	864	163	382	226	19	0	37	29	3	1	3	0	1
431	41720	Oberndorf bei Schwanenstadt	1120	837.0	11	826	217	223	295	27	0	30	22	7	1	2	0	2
432	41721	Oberwang	1328	950.0	14	936	61	501	302	10	0	32	12	6	3	1	0	8
433	41722	Ottnang am Hausruck	3060	2205.0	30	2175	580	649	721	62	0	72	53	20	6	0	1	11
434	41723	Pfaffing	1178	857.0	16	841	242	275	215	23	0	37	23	9	3	2	0	12
435	41724	Pilsbach	531	389.0	5	384	110	145	88	11	0	15	7	0	3	0	0	5
436	41725	Pitzenberg	420	327.0	3	324	75	124	92	7	0	8	12	1	1	0	0	4
437	41726	Pöndorf	1862	1310.0	22	1288	261	508	423	9	0	28	38	9	6	0	0	6
438	41727	Puchkirchen am Trattberg	792	602.0	8	594	130	238	130	10	0	38	33	3	4	0	0	8
439	41728	Pühret	494	369.0	9	360	86	123	113	18	0	9	7	1	2	0	0	1
440	41729	Redleiten	410	267.0	6	261	55	81	101	9	0	5	4	1	1	2	0	2
441	41730	Redlham	1211	872.0	12	860	237	272	249	28	0	30	28	9	5	0	0	2
442	41731	Regau	5056	3707.0	43	3664	992	1004	1131	131	0	148	133	42	21	4	0	58
443	41732	Rüstorf	1661	1146.0	13	1133	292	325	388	32	0	46	37	9	0	3	1	0
444	41733	Rutzenham	219	163.0	3	160	20	69	41	9	0	8	6	0	2	1	1	3
445	41734	St.Georgen im Attergau	3165	2180.0	34	2146	370	753	706	66	0	119	102	18	5	2	0	5
446	41735	St.Lorenz	1866	1237.0	18	1219	164	550	321	43	0	71	49	13	3	0	0	5
447	41736	Schlatt	1106	706.0	10	696	160	230	210	27	0	27	31	6	0	3	0	2
448	41737	Schörfling am Attersee	2729	1771.0	11	1760	497	461	514	65	0	95	82	15	13	2	2	14
449	41738	Schwanenstadt	2930	1968.0	19	1949	540	517	597	106	0	93	59	19	9	2	0	7
450	41739	Seewalchen am Attersee	4373	2995.0	31	2964	885	796	814	102	0	159	135	33	13	2	0	25
451	41740	Steinbach am Attersee	671	481.0	8	473	86	194	98	34	0	25	23	1	2	0	0	10
452	41741	Straß im Attergau	1136	830.0	15	815	114	321	292	17	0	33	18	8	4	1	0	7
453	41742	Tiefgraben	2933	1799.0	17	1782	271	815	474	45	0	97	62	11	2	1	0	4
454	41743	Timelkam	4408	3141.0	50	3091	1001	781	859	95	0	138	151	34	11	4	0	17
455	41744	Ungenach	1187	921.0	8	913	149	362	267	37	0	45	31	6	4	0	0	12
456	41745	Unterach am Attersee	1126	632.0	12	620	154	273	119	14	0	25	19	8	4	0	0	4
457	41746	Vöcklabruck	9002	5905.0	45	5860	1779	1589	1521	256	0	293	294	48	44	3	2	31
458	41747	Vöcklamarkt	3744	2691.0	46	2645	619	947	739	72	0	115	99	33	9	3	0	9
459	41748	Weißenkirchen im Attergau	768	585.0	2	583	74	282	184	12	0	11	9	2	5	0	0	4
460	41749	Weyregg am Attersee	1306	822.0	4	818	189	302	206	33	0	42	25	9	4	0	0	8
461	41750	Wolfsegg am Hausruck	1520	1016.0	10	1006	301	300	282	40	0	36	31	8	7	0	0	1
462	41751	Zell am Moos	1202	812.0	11	801	108	361	205	17	0	61	33	6	0	3	0	7
463	41752	Zell am Pettenfirst	985	660.0	6	654	129	230	177	38	0	32	25	8	4	0	0	11
464	41799	Wahlkarten Vöcklabruck	0	13219.0	121	13098	3230	4377	2723	847	0	816	743	151	113	17	2	79
465	41800	Wels-Land	54005	44999.0	473	44526	11017	13637	13835	1353	0	2416	1473	450	191	45	6	103
466	41801	Aichkirchen	441	310.0	5	305	31	149	87	6	0	20	4	7	0	1	0	0
467	41802	Bachmanning	510	369.0	4	365	82	126	113	17	0	15	7	4	0	0	0	1
468	41803	Bad Wimsbach-Neydharting	1977	1431.0	18	1413	358	529	388	27	0	52	39	10	5	0	0	5
469	41804	Buchkirchen	3274	2352.0	30	2322	638	637	740	68	0	117	81	31	3	1	0	6
470	41805	Eberstalzell	1985	1401.0	22	1379	176	565	475	32	0	70	37	16	4	1	0	3
471	41806	Edt bei Lambach	1710	1215.0	8	1207	304	378	419	24	0	40	23	13	5	0	0	1
472	41807	Fischlham	1084	798.0	8	790	170	308	216	15	0	32	36	8	2	0	0	3
473	41808	Gunskirchen	4610	3311.0	32	3279	810	1018	1046	85	0	168	98	27	14	7	0	6
474	41809	Holzhausen	738	510.0	6	504	120	140	176	10	0	35	16	5	2	0	0	0
475	41810	Krenglbach	2459	1834.0	20	1814	541	546	486	50	0	119	42	19	6	1	0	4
476	41811	Lambach	2354	1409.0	13	1396	375	370	453	45	0	87	34	15	10	2	1	4
477	41812	Marchtrenk	9528	6775.0	80	6695	2131	1386	2363	146	0	308	226	71	36	8	1	19
478	41813	Neukirchen bei Lambach	717	496.0	8	488	79	202	150	13	0	23	12	7	1	0	0	1
479	41814	Offenhausen	1256	985.0	14	971	169	366	310	20	0	69	22	13	2	0	0	0
480	41815	Pennewang	709	505.0	5	500	68	248	125	16	0	19	16	3	3	0	0	2
481	41816	Pichl bei Wels	2201	1630.0	11	1619	352	548	503	63	0	71	58	15	5	2	0	2
482	41817	Sattledt	1910	1339.0	17	1322	273	441	452	15	0	79	37	16	5	1	0	3
483	41818	Schleißheim	1014	753.0	10	743	168	249	209	29	0	39	27	12	4	2	2	2
484	41819	Sipbachzell	1507	1130.0	11	1119	198	419	348	10	0	90	36	12	3	1	0	2
485	41820	Stadl-Paura	3613	2254.0	22	2232	650	430	895	66	0	83	72	16	14	3	0	3
486	41821	Steinerkirchen an der Traun	1869	1400.0	16	1384	194	600	404	49	0	68	37	18	5	0	0	9
487	41822	Steinhaus	1688	1155.0	11	1144	215	333	461	28	0	66	32	5	2	0	1	1
488	41823	Thalheim bei Wels	4223	2840.0	25	2815	693	881	773	128	0	185	116	22	8	3	0	6
489	41824	Weißkirchen an der Traun	2628	1949.0	22	1927	494	596	576	38	0	121	74	12	11	2	0	3
490	41899	Wahlkarten Wels-Land	0	6848.0	55	6793	1728	2172	1667	353	0	440	291	73	41	10	1	17
